prob_score,actual,final_prediction
0.18445484659470382,False,0
0.3011636332259928,False,0
0.5556525535605639,True,0
0.04102817515443892,False,0
0.3663250262511218,False,0
0.31769760525469526,False,0
0.5403287814678072,True,0
0.588978267865744,False,0
0.6125577542747095,False,1
0.48606102856947314,False,0
0.7157299655349563,True,1
0.7022815350455391,True,1
0.3848673881809657,False,0
0.026111756134582307,False,0
0.6670798909479512,False,1
0.652814944383879,False,1
0.7365639349997442,False,1
0.43471612110264696,False,0
0.5815116236319107,True,0
0.6010697634887865,False,1
0.2718450511736004,False,0
0.7572836905696103,True,1
0.09917262990197298,False,0
0.48407662329554424,False,0
0.5999121579943681,False,1
0.5337318134079089,False,0
0.46633472965691386,True,0
0.16266374930807606,False,0
0.6104277807112197,False,1
0.3847690719188477,False,0
0.23326739694136614,False,0
0.7133042964475255,True,1
0.6262824764227871,False,1
0.4662160011880164,True,0
0.5413562829991465,False,0
0.1499155246128259,False,0
0.5974312117492108,False,0
0.6959572526892703,False,1
0.0072152313048131494,False,0
0.49431490161951436,False,0
0.3077722015009964,False,0
0.0974795316838554,False,0
0.6463059500781392,True,1
0.1317994242983932,True,0
0.7458641703284364,False,1
0.49768393779110986,False,0
0.257256616191296,False,0
0.4666511845583343,True,0
0.005398123278864608,False,0
0.7382737728250167,False,1
0.6629913191578547,False,1
0.02635452439550167,False,0
0.4229079546635916,False,0
0.4789845488797035,True,0
0.20650355844673118,False,0
0.6605410757391009,False,1
0.14347981297234294,False,0
0.6183831330252948,False,1
0.02391938007370119,False,0
0.2720520399481134,True,0
0.44190135516131174,True,0
0.6239807635839917,True,1
0.8337776177257887,True,1
0.009061024454126012,False,0
0.09531748092105806,False,0
0.4528408155757375,False,0
0.5761140939625666,False,0
0.3734162838400533,False,0
0.6309814635092077,False,1
0.2655508766695292,False,0
0.5108858948036723,False,0
0.33591106331790654,False,0
0.06235279305190219,False,0
0.6705313052258111,False,1
0.6420548558384859,False,1
0.04846341778138597,False,0
0.5442465160633841,False,0
0.008106465076250347,False,0
0.3818572806831666,False,0
0.27363315421173395,False,0
0.5607779647505838,False,0
0.6129948760130587,True,1
0.677741121762398,False,1
0.42863115334454355,False,0
0.003502371410093841,False,0
0.3161034413246912,False,0
0.5639797668843022,False,0
0.3105577674688763,False,0
0.345004013683054,True,0
0.11048922065163352,False,0
0.8099493176140006,False,1
0.8419864097013575,True,1
0.05892572581388347,False,0
0.6060978811595847,False,1
0.1216674426965001,False,0
0.3750634030653241,False,0
0.5605543460719469,False,0
0.6658834218529883,False,1
0.360330867171788,False,0
0.21693610771426106,False,0
0.6204331519135695,False,1
0.2388892293664726,False,0
0.008437881153680332,False,0
0.8756439703316895,False,1
0.42469454435270454,False,0
0.7128874920771001,False,1
0.6433746313298313,False,1
0.3297159932140455,False,0
0.7023493310937596,False,1
0.2879815760787426,False,0
0.29820248009246053,False,0
0.5163342790252268,False,0
0.45468147286000293,False,0
0.5264321413085268,False,0
0.038567794306829835,False,0
0.35893321162278635,False,0
0.30235119205205696,False,0
0.08684962039157948,False,0
0.6416013699066195,True,1
0.6893169530977356,True,1
0.4660343432059743,False,0
0.6181311176629969,False,1
0.1678894578756831,False,0
0.7966957999117434,False,1
0.3559600773823315,False,0
0.622214352002565,False,1
0.5157383940053007,False,0
0.050758865957664545,False,0
0.2577294600759796,False,0
0.0277454077123177,False,0
0.012134194596004868,False,0
0.663788748037155,False,1
0.5425225278961924,False,0
0.4965750467027557,False,0
0.11220968883706177,False,0
0.7563453249578296,True,1
0.8234473099087106,False,1
0.686910747995539,False,1
0.01673698056370015,False,0
0.394891623357697,False,0
0.251127532256274,False,0
0.7139435212899816,False,1
0.14029858725959404,False,0
0.011032004290307812,False,0
0.49434536062178625,False,0
0.5603835540225673,False,0
0.313572214543798,False,0
0.6622019761527936,False,1
0.500230677017671,False,0
0.5949134372007073,False,0
0.6979616229166588,True,1
0.5704431091979781,False,0
0.22259951761341154,False,0
0.060484746207297595,True,0
0.11290272735230665,False,0
0.7367456070940231,False,1
0.005649511753593984,False,0
0.1207196580254825,False,0
0.39369742262847807,False,0
0.5766278914069178,False,0
0.7052135535813486,True,1
0.4583247805667644,False,0
0.6793021288472311,False,1
0.6679489120089196,False,1
0.22743669672012962,False,0
0.8551674726427242,False,1
0.5595629973740825,False,0
0.656822570955494,True,1
0.6845640305697563,False,1
0.2841211568712984,False,0
0.5299502062824395,False,0
0.5534169803074211,False,0
0.6129542498384035,False,1
0.4167935986846461,False,0
0.6824017041190781,False,1
0.778122985412129,False,1
0.7333491695649197,True,1
0.30254539710211426,False,0
0.6308088097601402,True,1
0.5581985165247877,True,0
0.3877712119821159,False,0
0.23008009606392474,False,0
0.30843878344778775,False,0
0.04093199405815645,False,0
0.6296072571064741,False,1
0.5545623030013348,False,0
0.46452337047449893,False,0
0.4532149719320975,False,0
0.5519667300390193,False,0
0.4969216377751597,False,0
0.30654200905302736,False,0
0.3134746870413504,False,0
0.7047270674149795,True,1
0.4218184373967505,False,0
0.3708085706380001,True,0
0.013276440691647675,False,0
0.681071677415698,False,1
0.5943682106758463,False,0
0.619485053372714,False,1
0.5937818092650667,False,0
0.34593310468721905,False,0
0.5325138745971264,False,0
0.7396302621788562,True,1
0.5418939761104127,True,0
0.36040723875761754,False,0
0.008358038998138338,False,0
0.4941897717995712,True,0
0.6148619256882,False,1
0.14052461820397136,False,0
0.42605968317081033,False,0
0.4819049709466042,False,0
0.7872093801884239,False,1
0.3929571490355832,False,0
0.5136494782326416,False,0
0.6487043739266395,False,1
0.6498418509072489,True,1
0.45188418007132375,False,0
0.24469522085520304,False,0
0.5014626998451006,False,0
0.420430165276848,False,0
0.24062198318667083,False,0
0.25188110978201145,True,0
0.623394804531155,False,1
0.3804109986184971,False,0
0.016859145408756437,False,0
0.24920768932972687,False,0
0.6514778919619205,False,1
0.07643961031018999,False,0
0.11050516947452889,False,0
0.3161596847758231,False,0
0.3984147676786722,False,0
0.7401670389344138,False,1
0.3827581145034711,False,0
0.04518341444005177,False,0
0.5871642993411939,False,0
0.30341592551472224,False,0
0.7304982655528848,False,1
0.7429230439182806,False,1
0.36544938839761465,False,0
0.669596538238196,False,1
0.02098312601012336,False,0
0.5854597148152312,False,0
0.3312160948036997,False,0
0.7770268479215784,False,1
0.163094931298292,False,0
0.7061506474040915,True,1
0.5575182697072109,True,0
0.48512441453986105,False,0
0.5713209042105372,False,0
0.26930020699580376,False,0
0.5106087025077884,False,0
0.48590817922392243,False,0
0.5616684895911284,False,0
0.6278763226884949,False,1
0.5720974001758454,False,0
0.5726130103966843,False,0
0.28492348186467104,False,0
0.2086616930558905,False,0
0.45542854170239633,False,0
0.3308857476150963,True,0
0.11699468939180192,False,0
0.763892739869806,False,1
0.31612942994421206,True,0
0.439011779719249,False,0
0.81991854139671,True,1
0.6860676287282801,False,1
0.3966259035674764,False,0
0.19039237083985175,False,0
0.566966193058617,False,0
0.6015461118985406,False,1
0.5713291319811115,False,0
0.153676556458984,False,0
0.5546121035400969,False,0
0.5246374485638461,True,0
0.034051239806212316,False,0
0.1909054179937903,False,0
0.8493557192737289,True,1
0.4162796369484967,False,0
0.43994355656720985,False,0
0.42520093904211154,False,0
0.5486148095845119,False,0
0.2756111132328577,False,0
0.005079152273043618,False,0
0.47949615189698613,True,0
0.44577229673972707,False,0
0.5229127216740255,True,0
0.47721909010285113,False,0
0.05990544982184518,False,0
0.6687232369280853,True,1
0.29261043794557307,False,0
0.6691705656619635,False,1
0.05624081694508449,False,0
0.5157531997081305,False,0
0.5813983986106981,False,0
0.26903996372469363,False,0
0.670854970773384,False,1
0.5751991516500552,True,0
0.30316512387851724,True,0
0.8911204218484557,True,1
0.010719353923243512,False,0
0.7404036662341499,False,1
0.5661278290108753,False,0
0.6211634214545048,False,1
0.5548556577891435,True,0
0.5691789758142887,False,0
0.005272015660405078,False,0
0.7848376706110073,False,1
0.8315017531422182,True,1
0.45841683228781493,False,0
0.6384414034067871,False,1
0.38735536627438844,False,0
0.551222751863998,False,0
0.5524988368087103,False,0
0.551841676599404,False,0
0.058366846024139586,False,0
0.2924203818463739,False,0
0.5634624865544269,False,0
0.42892494188858776,True,0
0.17814930071597743,False,0
0.8595336781103547,True,1
0.2833413637781074,False,0
0.17604043578459003,False,0
0.004529247749910255,False,0
0.3658935311206072,True,0
0.3961214967674116,False,0
0.4534824708018708,False,0
0.6677565599230072,False,1
0.33813395519541817,False,0
0.30598313424771767,False,0
0.23774329961193663,False,0
0.6719555250168385,False,1
0.7347361839361932,False,1
0.010825184342348842,False,0
0.26962192162675125,False,0
0.1598235829230989,False,0
0.17938755736557876,False,0
0.5093375293816031,False,0
0.7263400529973291,False,1
0.6655157892092852,False,1
0.37549643059046334,False,0
0.7871698505971438,False,1
0.7740111109893827,False,1
0.47883058174272486,False,0
0.13872140271640895,False,0
0.3532592260637215,False,0
0.4818447746395438,False,0
0.2094926434808466,False,0
0.573973941187498,False,0
0.17368437609622003,False,0
0.5728602618288596,False,0
0.7412349691559458,False,1
0.44592296793550257,False,0
0.33004854976616094,True,0
0.4084658767897992,False,0
0.6917654531807169,False,1
0.6598919196335346,False,1
0.7013480108204215,False,1
0.35914916553354964,False,0
0.14882934166713493,False,0
0.23883080535283466,False,0
0.2618016402380427,False,0
0.05840768822767433,False,0
0.7006010868426719,True,1
0.44978839997759207,False,0
0.45625902811877356,False,0
0.27117422606527586,False,0
0.6135847757667171,False,1
0.7049021587303147,True,1
0.4558401806549235,False,0
0.32777389248951244,False,0
0.0832508166320253,False,0
0.39981792812360956,False,0
0.18867182085424855,False,0
0.4448525981956973,False,0
0.646141889315447,False,1
0.2646392725380757,False,0
0.7405803693186525,False,1
0.6432441963027563,False,1
0.49773664732646944,False,0
0.6274221154946509,False,1
0.6516948366121978,False,1
0.5440521726605446,False,0
0.5279168140285252,True,0
0.35445620221532087,False,0
0.7152715802788295,False,1
0.6154381273489817,False,1
0.05099585851625762,False,0
0.009735445596601637,False,0
0.5644537529092747,True,0
0.8279311903570116,True,1
0.29033877451557827,False,0
0.7064603197575877,False,1
0.2852268060270183,False,0
0.7163486163284682,False,1
0.36021752988904726,False,0
0.13552541039307747,False,0
0.5737906761688751,True,0
0.46274940724192887,False,0
0.6172959127903535,False,1
0.6579624982810724,True,1
0.8079501563839679,True,1
0.13590202289225425,False,0
0.5562972442784305,True,0
0.7710948286597245,False,1
0.33476250013422854,False,0
0.8579702959025074,True,1
0.47810515715909774,False,0
0.16207066227560518,False,0
0.4982295838625446,False,0
0.5338203232204713,False,0
0.5621904018813146,False,0
0.1911792995706084,False,0
0.318135207335823,False,0
0.643707455784717,True,1
0.7189027275236747,False,1
0.6248808580811723,False,1
0.008938468535589638,False,0
0.4919709028120945,True,0
0.1938541845900548,False,0
0.5759916469275002,False,0
0.26304503646863747,False,0
0.7357413229349558,False,1
0.024112206227516857,False,0
0.3187228332967011,False,0
0.24468385864587014,False,0
0.5695190563864723,False,0
0.6021902274661808,False,1
0.4780717545544991,False,0
0.2771317717591259,False,0
0.7297823277397563,False,1
0.008902386706175335,False,0
0.5481422106143186,False,0
0.11017113838744523,False,0
0.44978963159889057,False,0
0.7234174031471269,False,1
0.44058398677749555,False,0
0.1923842495486236,False,0
0.16229570329574577,False,0
0.4017867244778191,False,0
0.76482902319131,True,1
0.7057166815960753,False,1
0.35163274270574096,False,0
0.6381028255385115,False,1
0.5608254935765584,False,0
0.6016499331003367,False,1
0.46249939194282275,False,0
0.5928961079190943,False,0
0.704059529061238,True,1
0.6197515911191416,True,1
0.11939585023202073,False,0
0.7105668325735166,False,1
0.16537833626237572,False,0
0.011021867707325196,False,0
0.4564046215443632,False,0
0.46698694797854107,False,0
0.57080915797806,True,0
0.19943338922068035,False,0
0.6866306087592372,False,1
0.5122781975623519,False,0
0.45103497961288846,False,0
0.5429792832983343,True,0
0.5044036449558014,True,0
0.572911417369367,False,0
0.0028265841384779024,False,0
0.45569172991620766,False,0
0.7164758018536596,False,1
0.5450113895387383,True,0
0.20747382423217448,False,0
0.5692459883026457,False,0
0.6789859446166244,False,1
0.5434207236650521,False,0
0.20131497894358102,False,0
0.5132601848712636,False,0
0.640260506026476,False,1
0.590733812429111,False,0
0.5654907940065323,False,0
0.7331148359102706,False,1
0.2274365846899386,False,0
0.6124921514266155,False,1
0.010719353923243512,False,0
0.503510790043629,True,0
0.05350347101809307,False,0
0.5138574124118641,False,0
0.28519300002297926,False,0
0.13779039357100145,False,0
0.6795195917518982,False,1
0.4978456738333117,False,0
0.6120005582242897,False,1
0.3791463171991403,False,0
0.54315622735994,False,0
0.6339505302006155,False,1
0.4949196872641827,False,0
0.5404816688800539,False,0
0.33312287583245487,False,0
0.3496543605315635,True,0
0.5139539240322294,False,0
0.6085679738274189,False,1
0.04873494859647325,False,0
0.6226873018938638,True,1
0.6675465548851909,True,1
0.6765966085940202,True,1
0.5235248617497056,False,0
0.38622932475375066,False,0
0.25223231597459644,False,0
0.8504727736554647,False,1
0.33857227737986956,True,0
0.092907634064562,False,0
0.3156911698994207,False,0
0.6076410699481432,False,1
0.32422128302776915,False,0
0.37788491474697394,False,0
0.006801397957374126,False,0
0.1532119293806921,True,0
0.25461129429403156,False,0
0.13876235211176036,True,0
0.479502578542353,True,0
0.40934456687233656,False,0
0.5752132841183342,False,0
0.641114577086896,False,1
0.5314832733595047,False,0
0.7369999242663381,True,1
0.003118828594481458,False,0
0.6885771089994271,False,1
0.6376601928869341,False,1
0.3749586525702969,False,0
0.5994386582560771,False,0
0.22938103489461376,False,0
0.03788399304161979,False,0
0.4066035090810369,False,0
0.010646955513028645,False,0
0.6191677433985934,True,1
0.6629307369013228,False,1
0.5902468963364763,False,0
0.7121084930214399,True,1
0.21223319854459036,False,0
0.27680455891014827,False,0
0.2927873164708389,False,0
0.3833300187217655,False,0
0.1734209578249993,False,0
0.6368499063637014,False,1
0.48517953525466645,False,0
0.040300359526822635,False,0
0.6125366397007198,True,1
0.29347216235365114,False,0
0.2839746354057077,True,0
0.7275019366385975,False,1
0.06616781332041104,False,0
0.011145490193894604,False,0
0.5008383602905919,False,0
0.15374611690576087,False,0
0.5687343889251403,False,0
0.7269748320574144,True,1
0.06857661523000345,False,0
0.362533149117445,False,0
0.6299545764485328,False,1
0.5604920439453027,False,0
0.525295805073099,False,0
0.2854745079209834,False,0
0.09826700018407707,False,0
0.5277587526755163,True,0
0.14361037470942536,False,0
0.6654046819738277,False,1
0.6374750308727821,False,1
0.768376518085286,False,1
0.46123913789967114,False,0
0.6906608145140721,True,1
0.49064775163394664,False,0
0.07392568405508436,False,0
0.35422583045871286,True,0
0.7185966930053875,False,1
0.023341714328777276,False,0
0.5763139630150571,False,0
0.37557764105919084,False,0
0.6089680469799532,True,1
0.7040808747058475,False,1
0.6708167104131726,False,1
0.008766876098142097,False,0
0.5280700081288922,False,0
0.46469043996580206,True,0
0.014094587314215838,False,0
0.5617902370104777,False,0
0.557401060372756,True,0
0.4984349405040252,False,0
0.4907512436119484,False,0
0.5985627250561105,False,0
0.24033493451353374,False,0
0.15375126623449226,False,0
0.789088458447401,True,1
0.7371942739553686,False,1
0.17389887019572942,False,0
0.6748546929082319,False,1
0.6527277080014589,False,1
0.5370892343781859,False,0
0.010719353923243512,False,0
0.14617530543419197,False,0
0.5977179751511215,False,0
0.36216774500477533,False,0
0.5057077951502269,False,0
0.5048509673820676,True,0
0.32419266031122856,False,0
0.4810713831904669,False,0
0.4971457713990739,False,0
0.715276529108459,False,1
0.9480037131527389,False,1
0.12179890289127897,False,0
0.5411172656566304,False,0
0.01578435008760969,False,0
0.38505895095863246,False,0
0.6488345400041177,False,1
0.4800221423328758,False,0
0.5793328000579777,False,0
0.6014164702533723,False,1
0.6746348149634863,True,1
0.4048856041077997,False,0
0.015405746797626674,False,0
0.5772015556204763,False,0
0.7287881565039629,True,1
0.5724279763337342,False,0
0.4983880635658968,False,0
0.43438498358737293,False,0
0.7042603613831637,False,1
0.5289664562971713,False,0
0.23628228081076263,False,0
0.7021611828811439,False,1
0.48212985741701153,False,0
0.03217127665683323,False,0
0.004951202274915879,False,0
0.10131348646413951,False,0
0.3285739470037091,True,0
0.28195199162694623,False,0
0.6342307473211811,True,1
0.5438552271428035,True,0
0.7336847199112216,False,1
0.4433035209178401,False,0
0.47723554511489963,False,0
0.21845746967011387,False,0
0.31167126613815804,False,0
0.7767405369110939,True,1
0.5537244822845584,True,0
0.3118696153645371,False,0
0.5222398128125453,False,0
0.5485136371540971,False,0
0.0032166979836939997,False,0
0.24927242337305697,False,0
0.2889940823944389,False,0
0.2700698211129765,False,0
0.7192332470518772,False,1
0.2908213424030717,False,0
0.3147234918419531,False,0
0.7125202376121271,True,1
0.006550829656778928,False,0
0.7564415040252994,False,1
0.5965322520940957,False,0
0.2035291805221823,False,0
0.26302540689141224,False,0
0.34266036075137346,False,0
0.886999375352324,True,1
0.5375094261283515,True,0
0.7700934576479954,False,1
0.08881922345586087,False,0
0.33828611128375985,False,0
0.6711663137498856,True,1
0.007878261016573561,False,0
0.19227050234468637,False,0
0.4827271702605841,True,0
0.023990932790233427,False,0
0.6343998652400868,False,1
0.0581451486183952,False,0
0.5513567170972873,False,0
0.8043684940104988,False,1
0.33032592765412605,False,0
0.6918946090767047,False,1
0.39093760647623116,False,0
0.2710764992610832,False,0
0.06849135181790057,False,0
0.2093851191794714,False,0
0.1842049836523333,False,0
0.5247462700689232,False,0
0.5760801979991124,False,0
0.3638210435662996,False,0
0.03653583962525516,False,0
0.035688218917230285,False,0
0.4780702988696714,False,0
0.6313832571725916,False,1
0.2810129458178491,True,0
0.13170578194702337,False,0
0.4759185821117611,False,0
0.6668598220419515,False,1
0.00934439557217112,False,0
0.5453902464281297,False,0
0.5682716191140507,False,0
0.298815008460641,False,0
0.22571980114402054,False,0
0.040710955826898196,False,0
0.17906519427605064,False,0
0.642509693275447,False,1
0.7409447430034475,True,1
0.5856327174431456,False,0
0.7741208771238537,False,1
0.1815280231315203,False,0
0.08882150587576504,False,0
0.39844489767828334,False,0
0.735954091721606,False,1
0.49722597763053533,False,0
0.694769055401745,True,1
0.6089325110509403,False,1
0.4743631514802876,False,0
0.31659949696407813,True,0
0.42940022873239275,False,0
0.7578221251156047,False,1
0.191709734241728,False,0
0.04645845771559755,False,0
0.5745619695157681,False,0
0.28163856368456053,False,0
0.5910879316031302,False,0
0.40146482016980356,False,0
0.38442339832404676,False,0
0.7118630911628346,False,1
0.23069432673461981,False,0
0.7258725021774265,False,1
0.2464125730903885,False,0
0.762409339852761,True,1
0.009645598095981204,False,0
0.45417947455518115,False,0
0.307272955808532,False,0
0.6611257974653394,True,1
0.5576430859783341,True,0
0.650891038227204,False,1
0.5623683097150581,True,0
0.8142867022881569,True,1
0.5389770903190968,False,0
0.612793040721817,True,1
0.4863084619645705,False,0
0.7383738818089893,True,1
0.2714289518942331,True,0
0.571719453521022,False,0
0.4459696141803464,False,0
0.010375023024628668,False,0
0.3390130502255902,False,0
0.00910143130333878,False,0
0.545459230089682,False,0
0.30128143310824873,False,0
0.28150234717286693,False,0
0.7834226697854455,True,1
0.39296798543288575,False,0
0.010719353923243512,False,0
0.292068550272021,False,0
0.47113237300466937,False,0
0.30863714873186554,False,0
0.690177298012173,True,1
0.10607094830203792,False,0
0.3472235570955177,True,0
0.009424472218597197,False,0
0.36591723971038215,False,0
0.33664906868078487,True,0
0.48198934817799916,True,0
0.639938667615643,False,1
0.31608097235436955,False,0
0.4839130988802461,False,0
0.36814539626923437,False,0
0.06103082441701722,False,0
0.6172347505627521,False,1
0.01237813310432952,False,0
0.5696038903735363,True,0
0.60236513756386,False,1
0.32495696462574336,False,0
0.06233550354414693,True,0
0.6108837402036722,False,1
0.7612324283801516,False,1
0.1864376208603893,True,0
0.6082539197631802,True,1
0.24415124338206165,False,0
0.675365673522694,False,1
0.02467741679542019,False,0
0.5687172469212834,False,0
0.009319435057475447,False,0
0.6652704652229045,False,1
0.286401612978367,False,0
0.920403414377057,False,1
0.6219051097475641,False,1
0.6736257956280741,False,1
0.34484385612354573,False,0
0.6187985971971655,False,1
0.3293617421362519,False,0
0.7224086525497473,False,1
0.2798002496818658,False,0
0.48848878084294367,False,0
0.4813248014953843,False,0
0.3675620775899503,False,0
0.014002221885263951,False,0
0.1582146659361584,False,0
0.6513548714929452,False,1
0.21956110920232588,False,0
0.391886100340069,False,0
0.2763439625636666,False,0
0.7675541117223715,False,1
0.7694872163941943,False,1
0.6449691961827801,False,1
0.5464375112299023,False,0
0.2730188821649846,False,0
0.36575468664022764,False,0
0.6435658224506231,True,1
0.13548795955157192,False,0
0.17054979455134256,False,0
0.017338784798149064,False,0
0.0069428937854125435,False,0
0.011217082979112138,False,0
0.5931608147633817,False,0
0.5843998933772818,False,0
0.1378253160753875,False,0
0.2500610298731817,False,0
0.10855410636867024,False,0
0.4265293208272534,False,0
0.45755726417241893,False,0
0.44519562021865494,False,0
0.6909369592608771,False,1
0.722810034977302,False,1
0.26166621570898313,False,0
0.2897325197370929,False,0
0.23834165443046965,False,0
0.293672178010416,False,0
0.263621914312588,False,0
0.07073685863588125,False,0
0.6080311105705347,False,1
0.5790391572331485,False,0
0.5080070084494067,False,0
0.5062477066015088,False,0
0.3233008076967442,False,0
0.24892128363325813,False,0
0.68253203021183,False,1
0.5436386199499741,False,0
0.6564372906314045,False,1
0.3383775762860676,True,0
0.378824186840724,False,0
0.7360351021086462,False,1
0.7380841438950488,True,1
0.14608068510824154,False,0
0.6326740288102598,True,1
0.24026601755237043,False,0
0.2655277459038563,False,0
0.7651841729789521,False,1
0.12019285790655407,False,0
0.558699414780472,False,0
0.06665923767124551,False,0
0.4026115416341729,False,0
0.044100948825902264,False,0
0.730244654367227,False,1
0.6791625366788694,False,1
0.6860581035452611,False,1
0.7002480434594968,False,1
0.44438752210411114,False,0
0.5538989314024106,False,0
0.7196201439818091,False,1
0.5420308466136217,False,0
0.44947118040391487,True,0
0.7041277623247554,False,1
0.41841809189184526,False,0
0.12981637399017637,True,0
0.7470353588954672,False,1
0.4248170045664096,False,0
0.6596912341822204,False,1
0.7260301799734603,False,1
0.5007798876584466,False,0
0.4393117303310364,False,0
0.14999607170696988,False,0
0.5585705335258725,False,0
0.3842655020348456,False,0
0.390009383314268,False,0
0.29949402636575156,False,0
0.7113715377906561,True,1
0.22260506776218913,False,0
0.56296755929004,False,0
0.08028668507043535,False,0
0.343993820095946,False,0
0.5086305510383552,False,0
0.7607020917837986,False,1
0.2942223029748026,False,0
0.10939414236171129,False,0
0.30202111971976775,False,0
0.8161738144759888,False,1
0.4438582125235445,False,0
0.32916771229321773,False,0
0.620141140727349,False,1
0.6406688256068056,False,1
0.6716602799704618,False,1
0.4103312899985756,True,0
0.44138778905203613,False,0
0.5740820071409259,True,0
0.5776375332680184,False,0
0.6310330896071745,False,1
0.21457083958981407,False,0
0.2566794419432605,False,0
0.5079247809038568,True,0
0.41722404569433774,False,0
0.048131570353480556,False,0
0.3079160351891028,False,0
0.4193506115270969,False,0
0.08677945580042488,False,0
0.2917571616911509,False,0
0.08668758484458597,False,0
0.8006783036348285,True,1
0.03423932397918293,False,0
0.5845871960147323,True,0
0.826036865769346,False,1
0.5361553827283606,False,0
0.6920695109620167,True,1
0.004770055977549293,False,0
0.3684759461654571,True,0
0.33794804623774866,False,0
0.8070805623947722,True,1
0.502512409980489,False,0
0.8670562310584096,False,1
0.5012993318948655,False,0
0.4610755198471642,False,0
0.6585101863798699,True,1
0.5376807291355308,False,0
0.7097940786648195,True,1
0.4535964007218466,False,0
0.4817156541885552,False,0
0.6498912930268537,False,1
0.3631505091718824,False,0
0.1882989719168038,False,0
0.670389780069691,False,1
0.6335911180639054,True,1
0.5450494530528068,False,0
0.2344608875106385,False,0
0.5111645370015554,False,0
0.5485255502009412,False,0
0.6525212323244459,False,1
0.6611353174216431,False,1
0.01673698056370015,False,0
0.6142415689172446,False,1
0.8304467107287347,True,1
0.7218596889721683,False,1
0.6912443380036374,False,1
0.42801084248186844,False,0
0.7415565969937651,False,1
0.3391159356403539,False,0
0.3398997742805595,False,0
0.3755958738042519,False,0
0.7026819069451777,False,1
0.21212042557798333,False,0
0.6571491909590126,True,1
0.2567482251273309,False,0
0.5636681791505602,False,0
0.6983279666874277,False,1
0.5445299014558849,False,0
0.46282694671897723,False,0
0.4890112391835186,False,0
0.31850307086603014,False,0
0.3759241549005,False,0
0.7205397026116739,False,1
0.27466707793418044,False,0
0.6515137257413848,True,1
0.13587563722867016,False,0
0.7319388436035649,False,1
0.2129016792281154,True,0
0.6147774973534073,False,1
0.6382838037563502,False,1
0.21246783321511686,False,0
0.17941323660648054,False,0
0.25811878494192075,False,0
0.503843391168422,False,0
0.531460166731077,False,0
0.4470223266291763,False,0
0.5629771473616219,False,0
0.19657355988295377,False,0
0.6021148953186396,False,1
0.6525988913257897,False,1
0.41577538372920286,False,0
0.68450007514325,False,1
0.6309412657807122,False,1
0.2625944523024417,False,0
0.21969585160590163,False,0
0.6027179108775009,False,1
0.4553859444666055,False,0
0.6186304488717252,True,1
0.47206658094108406,False,0
0.5172375475147266,False,0
0.1004429243961019,False,0
0.7017378614943551,False,1
0.7748139136180612,False,1
0.7723995718345978,False,1
0.7969154841326842,False,1
0.6578503169712431,False,1
0.5653538469787489,False,0
0.2812828575287412,True,0
0.6653508019756378,False,1
0.6019825711332623,False,1
0.3953928111649271,True,0
0.699479502079217,False,1
0.40730803500526247,False,0
0.20882516321656286,False,0
0.5132079386977848,True,0
0.011166495180637646,False,0
0.6537613132741809,False,1
0.6143474210285444,False,1
0.0064007908967733855,False,0
0.005520913963188037,False,0
0.6022726088039441,False,1
0.6099908628486663,True,1
0.7078087265200486,False,1
0.3493759752911821,False,0
0.5692473690812991,False,0
0.34368117190775826,False,0
0.48510396796453575,False,0
0.7966095903486764,False,1
0.34353017287800597,False,0
0.790051028001483,False,1
0.7327663202268084,False,1
0.7066193496386085,False,1
0.35099168298696926,False,0
0.559825744618249,False,0
0.8166589705053751,False,1
0.8255980518547997,False,1
0.5013748904483151,False,0
0.5410876259209666,False,0
0.5452912538880283,False,0
0.6397566427054634,False,1
0.5026911473941481,False,0
0.0642071132055304,False,0
0.6420556655445839,False,1
0.6125410233364219,False,1
0.509321775465524,False,0
0.5462685366707088,False,0
0.006336084238334332,False,0
0.08355865187352594,False,0
0.7311636505775619,True,1
0.7071633984481468,False,1
0.6168433144067395,False,1
0.676482443829416,False,1
0.3892706384856796,False,0
0.26481817689575826,True,0
0.4880366375052876,False,0
0.40565132521525804,False,0
0.26672429356553284,False,0
0.5982868342578618,False,0
0.6457854077633757,False,1
0.5917730979613453,False,0
0.6054245251321461,False,1
0.7216074658481998,False,1
0.025719610954620373,False,0
0.4572662113933457,True,0
0.7690912375372878,False,1
0.5600263554617427,False,0
0.38130414040860605,False,0
0.36155771166700584,True,0
0.43856329897404733,True,0
0.3931704397880789,False,0
0.5282234790421027,False,0
0.7282163432786871,False,1
0.36529752547363126,False,0
0.8009444090502028,False,1
0.6430658660406411,True,1
0.4357532807830942,True,0
0.6412974471012738,False,1
0.08799975250416946,True,0
0.010905895726358132,False,0
0.1836662872199561,False,0
0.7590446886768878,False,1
0.3928888018670329,False,0
0.6461548309501632,False,1
0.6540099866408647,False,1
0.576064072261509,False,0
0.7302764478179391,True,1
0.6046998831233686,False,1
0.044568938048345316,False,0
0.3343274700744315,False,0
0.6947564745638362,False,1
0.5400399307184091,False,0
0.4424325576687987,False,0
0.6426609550653528,False,1
0.35712883056844985,False,0
0.8524775223627157,False,1
0.011591841707432483,False,0
0.4100282689872732,False,0
0.19188151921377744,False,0
0.44635034635107296,True,0
0.6064154757964877,False,1
0.2742100577614918,False,0
0.007289117816900135,False,0
0.32119715790935655,False,0
0.08615183140658868,False,0
0.19655294281914243,False,0
0.020766107329110425,False,0
0.5842987288247188,True,0
0.6760912449364318,True,1
0.6844319521912862,False,1
0.01973540477559259,False,0
0.1424161019829624,False,0
0.13242928306697313,False,0
0.15167201589154028,False,0
0.6357579580936558,False,1
0.7518531189067527,True,1
0.029601639531706966,False,0
0.5488191639117016,False,0
0.5867939804398439,False,0
0.49426572438116323,False,0
0.7653396473690829,True,1
0.610333123268438,False,1
0.7226029663444343,False,1
0.47196173791264723,False,0
0.24527210053538168,True,0
0.7958959730644476,True,1
0.847842675931065,False,1
0.6021882513709413,True,1
0.26906509217686386,True,0
0.07987089964014783,False,0
0.4245858694145288,False,0
0.36222411218462575,False,0
0.011591841707432483,False,0
0.38900751392392946,False,0
0.17398334119333386,False,0
0.5462034706884346,False,0
0.5057625109148197,False,0
0.654106718766442,True,1
0.1397613577483688,False,0
0.012935708469303092,False,0
0.6532160153991047,False,1
0.6131181984782306,False,1
0.5921225777179994,False,0
0.47587614461520056,False,0
0.46886081845974836,False,0
0.6170489631515242,False,1
0.7506961026416605,False,1
0.7206987016912143,True,1
0.19193623949366323,False,0
0.008917638031860964,False,0
0.6594104145711817,False,1
0.6277714069845572,True,1
0.19705214935263363,False,0
0.6723553747119825,False,1
0.36091852735730096,False,0
0.19938188203934737,False,0
0.4035793160983979,False,0
0.5390283332854239,False,0
0.6252266334903029,False,1
0.7369287622364615,True,1
0.36645465529825705,False,0
0.4488877792056482,False,0
0.45947373197031427,False,0
0.32187030359204655,False,0
0.4103981785942872,False,0
0.4917427142904593,False,0
0.002221239933200593,False,0
0.09276437375892295,False,0
0.704338547138252,False,1
0.625573214225775,True,1
0.638607443450386,False,1
0.5475584240086009,False,0
0.49281118202571705,False,0
0.41659541635917263,False,0
0.4977082461446251,False,0
0.5731592265870138,False,0
0.35701322186300766,False,0
0.18824180341421815,False,0
0.011166495180637646,False,0
0.5725858906967751,True,0
0.551435439777221,False,0
0.6398758837750451,False,1
0.3573057188506793,False,0
0.658317401858093,False,1
0.13622879628969461,False,0
0.44278428028566885,True,0
0.3991178253497694,True,0
0.7455238312568057,False,1
0.271524927838135,True,0
0.7899859376871701,False,1
0.3544769778144388,True,0
0.5598165138734534,False,0
0.7385375884726595,False,1
0.010719353923243512,False,0
0.5996293626581307,False,1
0.07734668377022928,False,0
0.3390843656589262,False,0
0.5408046668782991,False,0
0.3241640487784569,False,0
0.1370518631310121,False,0
0.018160426274618946,False,0
0.5791562737861877,True,0
0.828012883293884,True,1
0.6133429328851466,True,1
0.7533578380809635,True,1
0.5614657663987989,False,0
0.4890709445484918,False,0
0.4065339179452869,False,0
0.7163993145154676,False,1
0.050272259524399156,False,0
0.6488490376570517,True,1
0.5697501354571513,False,0
0.009735445596601637,False,0
0.12295186752809649,False,0
0.5458402447194041,False,0
0.5343722104177384,False,0
0.27537288982604957,True,0
0.7023147336798535,False,1
0.39231028619545943,False,0
0.0795989837955793,False,0
0.26818376879006095,False,0
0.33665051542473695,False,0
0.8130240987978543,True,1
0.3490055097615879,False,0
0.7362957302222278,False,1
0.7112616555326103,False,1
0.7015239027916972,True,1
0.5567785647254109,True,0
0.6474561105017107,False,1
0.39615765595213154,False,0
0.462483988229111,False,0
0.46202217666191975,True,0
0.5152666916701025,False,0
0.43061633426133344,False,0
0.21415800115551634,False,0
0.584087865239763,False,0
0.4588071738095424,False,0
0.7705506820201581,False,1
0.32960786490311134,False,0
0.443382645212328,False,0
0.5190378711193879,True,0
0.1563507879231507,False,0
0.03417609827899823,False,0
0.010774463173043149,False,0
0.3977346114902335,False,0
0.2546808345262423,False,0
0.7557180446580997,False,1
0.4715627958422124,False,0
0.01585073764983072,False,0
0.04401531100900546,False,0
0.6177896390002537,False,1
0.13805809855629803,False,0
0.6673186055129414,False,1
0.6737064273906253,False,1
0.4734749397761985,False,0
0.29512004370379846,False,0
0.7169424761482727,False,1
0.29254550679197855,True,0
0.604782568810188,False,1
0.024575648898726602,False,0
0.5632472036713599,False,0
0.6764260166012909,False,1
0.005746975908264102,False,0
0.44625865316685465,False,0
0.7335294012148462,False,1
0.8037156178877214,True,1
0.10683542836569343,False,0
0.032534148165880454,False,0
0.6537346169560178,False,1
0.2939903485224418,False,0
0.2756436290095929,False,0
0.46898357541541497,False,0
0.050993138829013795,False,0
0.010448498207590426,False,0
0.6567748681992681,False,1
0.28477048507101566,False,0
0.44158186633655505,False,0
0.6757961472504743,False,1
0.32839768519625073,False,0
0.012031103439532202,False,0
0.45109815912995055,False,0
0.5383263863668797,False,0
0.5714376344875295,False,0
0.4120478644461813,False,0
0.18124577456168425,True,0
0.3159740104923341,False,0
0.7665803891644526,False,1
0.3773302441271549,False,0
0.6774622096130853,False,1
0.569853181351048,False,0
0.7441376380450223,True,1
0.6295511704009198,False,1
0.3950748243849291,False,0
0.3385947469991364,False,0
0.6546183329273301,True,1
0.6155973936999191,False,1
0.14670103323708078,False,0
0.38445110036027313,False,0
0.31430630852478664,True,0
0.4178601860279088,False,0
0.29075283617057435,False,0
0.5696660192565145,False,0
0.6620099293067109,False,1
0.5313145346198231,False,0
0.06965224523633945,False,0
0.6833564840841994,True,1
0.6286771520595292,True,1
0.3945781532135472,False,0
0.5132817124946003,False,0
0.31441823620145565,True,0
0.7199801328410795,False,1
0.2882775908599167,False,0
0.4852700438019854,False,0
0.45754004601236975,False,0
0.6266022533791993,False,1
0.7655735606226328,False,1
0.08416211709766364,False,0
0.4156291774716819,False,0
0.19595083859536092,False,0
0.4302070301972676,False,0
0.7189803849913542,True,1
0.5220802194148714,False,0
0.6062858358987447,True,1
0.3700790995987931,False,0
0.5247865268276758,False,0
0.431501551705244,True,0
0.6762572167438405,False,1
0.3693997396204823,False,0
0.42604406562348623,True,0
0.6142116323065162,False,1
0.6207919807158663,False,1
0.09191482982262618,False,0
0.5713045240046901,True,0
0.748564675840499,False,1
0.5504783209692746,True,0
0.1014693370902329,False,0
0.6436852161611331,False,1
0.7176240893882219,False,1
0.11600357105262839,False,0
0.4833426580024123,False,0
0.4117013835087099,False,0
0.009093646617082812,False,0
0.7489220536149854,False,1
0.2674370528654488,False,0
0.39233624698369846,False,0
0.3479890127681764,False,0
0.5269901793739749,True,0
0.0038968119028252876,False,0
0.4860836085131367,True,0
0.47109907912482707,False,0
0.2275800339302147,False,0
0.6479194338255865,False,1
0.18132195231781645,False,0
0.15225235544493462,False,0
0.6272530139702467,False,1
0.044663151087427945,False,0
0.7476526457289436,False,1
0.4850241681543238,False,0
0.6621475291075686,False,1
0.002729526994366092,False,0
0.5842749510184236,False,0
0.6047552189895203,False,1
0.3516790780944325,True,0
0.6801320132351434,False,1
0.8222716582042764,False,1
0.6148560359517005,False,1
0.3628159779275827,False,0
0.4439626208534631,False,0
0.5075979009437119,False,0
0.7269044847488424,False,1
0.020506498772492228,False,0
0.37793346071351314,False,0
0.0784732616855362,False,0
0.6091913127588029,True,1
0.009718809336984548,False,0
0.5169170659117671,True,0
0.5924460627529193,False,0
0.6406314889721675,False,1
0.19700085411442866,False,0
0.4258269929513787,False,0
0.662717655568346,False,1
0.6907780749563065,True,1
0.2807093564072433,False,0
0.6602764880142118,False,1
0.5765172223533466,False,0
0.021650943140944977,False,0
0.6147996858890485,False,1
0.6913386440242174,False,1
0.5140698622335427,False,0
0.02198825465775723,False,0
0.41009315843585636,True,0
0.3480732342267329,False,0
0.651972947917582,False,1
0.1099108781127535,False,0
0.6165644294080365,False,1
0.35583041676666904,False,0
0.39458903563685904,False,0
0.4501669015404467,False,0
0.8385955953291976,False,1
0.4578994593044789,False,0
0.006239328642677088,False,0
0.8370432722820735,True,1
0.5529209665169006,False,0
0.6327034605196573,False,1
0.009735445596601637,False,0
0.42097192162657304,False,0
0.45648041077285423,False,0
0.7891701787091084,False,1
0.7341243157500419,False,1
0.005548000189850652,False,0
0.6697755288597399,False,1
0.4343486642791901,False,0
0.4742350044458974,False,0
0.06484727948063153,False,0
0.5002814610897484,False,0
0.2608988491886239,False,0
0.1982376402688093,False,0
0.4693783467641805,False,0
0.5386370959631498,False,0
0.4912235626027686,False,0
0.4727788080143811,False,0
0.3989506122820474,False,0
0.7233097306693393,True,1
0.8428053700535884,True,1
0.06336557442980431,False,0
0.5101401647721914,False,0
0.18398703023979468,False,0
0.01849458667440066,False,0
0.7127847101621294,True,1
0.010163235939972358,False,0
0.3997961695454009,False,0
0.6906275394784568,False,1
0.6482302463547285,False,1
0.39849098557301416,True,0
0.12399397838219971,False,0
0.48354737017509797,False,0
0.7170519034303123,False,1
0.2510716979725003,False,0
0.4059106833855023,False,0
0.5309751338657253,False,0
0.08322824626234365,False,0
0.6012693497571662,False,1
0.3573077182185602,True,0
0.010220403216380068,False,0
0.2244397423184134,False,0
0.4364409153770091,False,0
0.29914687018062475,False,0
0.07215393641704985,False,0
0.31157739052060746,False,0
0.5851027473532839,True,0
0.004766301325939254,False,0
0.4313502538143199,False,0
0.13270620645278702,False,0
0.6083196867485017,True,1
0.6459230054171893,False,1
0.17905585206576674,False,0
0.5687748002022555,False,0
0.5768799582624179,False,0
0.0966662639308608,False,0
0.4242577561146126,False,0
0.5832371175119527,False,0
0.18884687542518946,False,0
0.041293252881357094,False,0
0.0021138625188142487,False,0
0.6178685689712599,False,1
0.018668331308126535,False,0
0.4350342177792171,False,0
0.48947530907597675,False,0
0.5658172357251124,False,0
0.38643667060877634,False,0
0.6614288741290643,False,1
0.677110111650396,False,1
0.6301703466735386,False,1
0.23553449451159061,False,0
0.5836795479382884,False,0
0.5132253090792895,True,0
0.38095461795518887,False,0
0.7136304824559959,False,1
0.41420558828079146,False,0
0.6165375123644022,False,1
0.6782689639614833,False,1
0.5994294409008857,True,0
0.04296225847665469,False,0
0.08046037806742884,False,0
0.21936333202425579,False,0
0.45050664789090317,False,0
0.37225392984651057,False,0
0.7424662063959944,True,1
0.7244553894437541,True,1
0.5819442806361665,False,0
0.6461831461581926,True,1
0.050871929613346856,False,0
0.6358399850713329,False,1
0.4707955389527683,False,0
0.5918469066519063,False,0
0.18170435664186543,False,0
0.10989139805065308,False,0
0.5896680395427514,True,0
0.049873013248985076,False,0
0.6930315368113973,False,1
0.5097510538415991,False,0
0.2808976547462788,False,0
0.6801814771537855,False,1
0.755212014793459,False,1
0.009204034223098765,False,0
0.010719353923243512,False,0
0.712980996697755,True,1
0.748654188338652,False,1
0.6430298780220457,False,1
0.1743061047517588,False,0
0.4676815716236435,True,0
0.6038335352504274,False,1
0.7067197247125379,True,1
0.6620699889605242,False,1
0.46921867357597413,False,0
0.49154275398439057,False,0
0.4672068912415156,True,0
0.2126335278694412,False,0
0.5456203826379846,False,0
0.015067635732410108,False,0
0.34540518041529766,False,0
0.011120393871111647,False,0
0.7017549474578663,False,1
0.25176687955279525,False,0
0.5995662273817813,False,1
0.5861990728825157,False,0
0.5809295445684882,True,0
0.7351050325357503,False,1
0.6249820655162927,True,1
0.8017732109644276,False,1
0.24410861609195195,True,0
0.860431089621119,True,1
0.54076206316278,False,0
0.5666085845196138,False,0
0.7074797222596818,False,1
0.5695939668823279,False,0
0.39390246007322105,False,0
0.6005382179937666,True,1
0.6997390923571319,True,1
0.011873016975173095,False,0
0.12443837976923977,False,0
0.1086809457406135,False,0
0.08121435660319358,False,0
0.6995682282249247,False,1
0.3247356166304837,False,0
0.045676420619140436,False,0
0.5020868711290123,False,0
0.611016611109267,False,1
0.23556340281636481,False,0
0.0818766036922687,False,0
0.680432263101767,False,1
0.5757194967393585,False,0
0.43192842781424284,False,0
0.5420993396590332,False,0
0.6565008499627312,False,1
0.614412644230978,False,1
0.18990323467715442,False,0
0.8477585674638985,True,1
0.41451054397247744,False,0
0.01571475252451428,True,0
0.2880184604736879,False,0
0.11362075497405476,False,0
0.3149936552109081,False,0
0.5831917429440888,True,0
0.31455905543002916,False,0
0.7789271801530443,False,1
0.5825952977181647,False,0
0.6415625644502407,False,1
0.5077556616260352,False,0
0.32585816416112057,False,0
0.32734730788335625,False,0
0.10131805765111518,False,0
0.15999733022094725,False,0
0.6068061841169767,False,1
0.5482327196822923,False,0
0.0282740200507397,False,0
0.5510793834197568,False,0
0.5748149507644921,True,0
0.019175740964816605,False,0
0.6668875362120972,False,1
0.7874657036937645,False,1
0.008917638031860964,False,0
0.05587451944538035,False,0
0.02247865719493104,False,0
0.6532022416681943,False,1
0.4506209445291518,True,0
0.4615181532779868,False,0
0.5087019086331668,False,0
0.644449340831049,True,1
0.008187056010881573,False,0
0.012659681297334182,False,0
0.6352148950665595,False,1
0.6259495667194929,False,1
0.5672120140789989,False,0
0.6305748422337664,False,1
0.8765749729208003,False,1
0.18682008787071594,False,0
0.0988893841905106,False,0
0.23128193015848766,False,0
0.1912931463186842,False,0
0.07847437454477224,False,0
0.07206063700051711,False,0
0.22278769251866817,False,0
0.4249309904550755,True,0
0.45326400614677015,False,0
0.8380255632917143,True,1
0.6535053858664577,True,1
0.8244161003035063,True,1
0.35442007803434383,False,0
0.5973051478066848,True,0
0.7207147686277274,True,1
0.16649893835177798,False,0
0.6148520013968999,False,1
0.7706221381843423,False,1
0.671864475888127,True,1
0.783573613117474,False,1
0.044694531680005374,False,0
0.5556597055333758,False,0
0.5478389368317119,False,0
0.6679286329197353,True,1
0.009047769353839783,False,0
0.6423048996083937,False,1
0.040053484684325256,False,0
0.7749343481939035,True,1
0.3161304239398339,True,0
0.6479824392407915,False,1
0.3238721369605882,False,0
0.06148664733420001,False,0
0.11400166779868867,False,0
0.5981799226368895,False,0
0.20385985062199474,False,0
0.12514642416987143,False,0
0.3601559070582371,False,0
0.3761120791042256,False,0
0.4471636672662339,False,0
0.7921649008001469,False,1
0.4777684552324036,False,0
0.6692671541452854,False,1
0.2523712018475799,False,0
0.3414622381466363,False,0
0.4685172643917962,False,0
0.18336606205170927,False,0
0.7054330961988583,False,1
0.33540354650276183,False,0
0.4658790756944595,False,0
0.021649136126354978,False,0
0.08610246100149938,False,0
0.6043516310614826,False,1
0.5311512412206053,False,0
0.33440059421975565,False,0
0.3570295461669212,False,0
0.3826617235215113,False,0
0.8432909423236583,True,1
0.5494337372274911,False,0
0.16170064370186987,False,0
0.283777107904154,False,0
0.15118074897248684,False,0
0.4141085054015887,False,0
0.2420142205246869,False,0
0.7236711387289042,False,1
0.4550505743074644,False,0
0.14099181364207095,False,0
0.4395907340588528,False,0
0.0975615198753473,False,0
0.5590938373834837,False,0
0.5029038977423953,False,0
0.04970830059740898,False,0
0.5737415884455546,False,0
0.7666068633605219,False,1
0.13105066003127425,False,0
0.4202621368341364,False,0
0.7613817813917572,False,1
0.4478055959754328,False,0
0.44347840031510505,False,0
0.14584278241590104,False,0
0.1536045492742913,False,0
0.45949379119420963,False,0
0.5426559439935194,False,0
0.7856137790242788,True,1
0.6629565658579716,True,1
0.1026547433598621,False,0
0.9823129996736416,True,1
0.39978527196039687,False,0
0.45955510448676273,False,0
0.0034248851747272083,False,0
0.3368586643488872,False,0
0.5344169727193254,False,0
0.5754901262470543,False,0
0.6244834775594967,False,1
0.3324175809135741,False,0
0.6191205325866351,True,1
0.7749747246530413,True,1
0.17387119748782595,False,0
0.23611025492210763,False,0
0.45991992472662624,False,0
0.5711018139459317,False,0
0.7139794228143342,True,1
0.48589006267912327,False,0
0.5184158640965394,True,0
0.611985167897204,False,1
0.37244278877243464,False,0
0.467774368094908,False,0
0.35077232710250794,False,0
0.5685983299629136,False,0
0.6916189236248468,True,1
0.4358713741747811,False,0
0.4980955205337074,False,0
0.38954386740430025,True,0
0.14722034233591266,False,0
0.4552715228799365,False,0
0.6889566306589526,False,1
0.46744974792242244,False,0
0.4539128370464944,False,0
0.0313884448730719,False,0
0.25123716567370824,False,0
0.14824848107058713,False,0
0.42555047002527696,False,0
0.6024993146089713,False,1
0.5750267904734938,True,0
0.7331297865674824,False,1
0.418542873429153,False,0
0.022380119369291185,False,0
0.3387483953092892,False,0
0.2934920920485261,False,0
0.4194743433319615,False,0
0.8439039003871879,False,1
0.28177818066027127,False,0
0.3496301830652168,False,0
0.5201624479422317,False,0
0.4664241391754785,False,0
0.21572406144175674,False,0
0.11457379204614206,False,0
0.4252951573960936,False,0
0.2773444713859022,False,0
0.051406096670887094,False,0
0.26301454984854483,False,0
0.35122077642008676,False,0
0.2621671150756406,False,0
0.6699974782579391,False,1
0.010719353923243512,False,0
0.7015723254998569,False,1
0.3041135207221336,True,0
0.910046042282429,True,1
0.011166495180637646,False,0
0.006081498408586645,False,0
0.517432612194922,False,0
0.500154841191922,False,0
0.02338524439559427,False,0
0.7803572561168417,False,1
0.38871657972625606,False,0
0.015506879617141704,False,0
0.624131386947595,True,1
0.8986628930524458,False,1
0.42627048446265636,False,0
0.720405410634245,False,1
0.43796301692986467,False,0
0.1245673306406407,False,0
0.08469685442801736,False,0
0.27217820453727926,False,0
0.5573300437851495,False,0
0.45981182857436204,False,0
0.48115507913170036,False,0
0.32230811151191846,False,0
0.5770487663201964,False,0
0.09611169613185193,False,0
0.44558868990357436,False,0
0.6082871303694993,True,1
0.7743192243611249,False,1
0.008917638031860964,False,0
0.6378686883650531,False,1
0.6308636629604882,True,1
0.006829639958115343,False,0
0.4459191853040707,False,0
0.6445990608256041,False,1
0.1304336330880687,False,0
0.3019005636813611,False,0
0.31480474829143296,False,0
0.5089995825041437,False,0
0.3534650870752254,False,0
0.19228925701399008,True,0
0.14401209013975874,False,0
0.6075763463457898,False,1
0.018394689238976317,False,0
0.504338630023001,False,0
0.31046906568023125,False,0
0.5573053694299418,False,0
0.5396029242812923,False,0
0.6055343094127965,True,1
0.0038445008453090977,False,0
0.22550481559546856,False,0
0.648571572412842,False,1
0.008917638031860964,False,0
0.7731336580806437,False,1
0.3883868235630204,False,0
0.20630598361827046,False,0
0.5521700455647076,False,0
0.13547307652986412,False,0
0.20494197298647954,False,0
0.3293688590499423,False,0
0.4265487832549775,False,0
0.18166350533844156,False,0
0.3793840108317304,False,0
0.15308941452531613,False,0
0.5214388851435274,True,0
0.18509989576344962,False,0
0.4379303023430336,False,0
0.6262729019469845,True,1
0.26981677321758113,False,0
0.5893504612200482,False,0
0.03732450791478271,False,0
0.5154902415201064,False,0
0.5410262396105948,False,0
0.5615503050752171,False,0
0.3406319690429967,False,0
0.43930460033080604,False,0
0.013319760421109843,False,0
0.3753078713436507,False,0
0.5035779339221962,False,0
0.2271755916280269,False,0
0.21047678884173435,False,0
0.1863200487359324,False,0
0.44290046289085677,True,0
0.028725845633369117,False,0
0.6635065751045789,True,1
0.8285898738825024,False,1
0.6758921615201433,False,1
0.47909427736770643,True,0
0.005470541276196522,False,0
0.010505714306332046,False,0
0.6765119519840358,False,1
0.49151947132243134,False,0
0.6588843322846565,False,1
0.516098103573983,False,0
0.7083859201195423,False,1
0.5448952195854939,False,0
0.6855485652864638,False,1
0.5807148505382228,True,0
0.7964714402480527,True,1
0.3261772845483112,True,0
0.6363123224593688,True,1
0.6574836884392707,False,1
0.7350698120558289,False,1
0.6049331082036188,False,1
0.667475907095474,False,1
0.14717749343604927,False,0
0.6991659406049637,False,1
0.36141562118316006,False,0
0.7074429331592531,True,1
0.750662520883349,False,1
0.4097913023088387,False,0
0.6745110848763083,True,1
0.0174594883686284,False,0
0.2776805278941456,False,0
0.004801445065470778,False,0
0.5698814335484154,False,0
0.7302174773423659,True,1
0.44998332030530047,False,0
0.21383783183016564,False,0
0.5853965040286131,True,0
0.7395969291157304,False,1
0.009178400409991258,False,0
0.49390608846728307,False,0
0.6540187532756229,False,1
0.7048728453828272,False,1
0.7637887785548495,True,1
0.011631165360169142,False,0
0.6744409232499518,True,1
0.622239822433083,False,1
0.16875428701272427,False,0
0.3587310528356127,False,0
0.5458720168791646,False,0
0.6790075182184946,True,1
0.6833342227760703,False,1
0.5590149572731938,False,0
0.007864773171768875,False,0
0.31254609225654806,False,0
0.44600075170217623,False,0
0.547171801091618,False,0
0.8635937639637714,False,1
0.7200422458747954,False,1
0.6600909998318604,True,1
0.01032880338602112,False,0
0.5993489625518724,False,0
0.43653756316105535,False,0
0.72317037866533,True,1
0.20105754951217344,False,0
0.6698537891881474,False,1
0.4301099330538614,True,0
0.4637058357173497,False,0
0.6671832588963121,False,1
0.5020589739368984,False,0
0.6581795394786011,True,1
0.05346739746858788,False,0
0.4395871803334088,False,0
0.7640125045785627,False,1
0.7027469077269857,False,1
0.20377849918240265,False,0
0.08929046760927858,False,0
0.6040564288717233,True,1
0.389183426235164,False,0
0.5271410983980079,True,0
0.620432777597606,True,1
0.12605549300488567,False,0
0.05285247942711764,False,0
0.4121594008520852,False,0
0.2023204542069517,False,0
0.4508055866825517,False,0
0.10931531810465196,False,0
0.017021324717607488,False,0
0.4999795784394552,False,0
0.2722070501778112,False,0
0.10153472796201617,False,0
0.6154073391669884,True,1
0.7841312308575211,False,1
0.023881632014262157,False,0
0.010628153817470797,False,0
0.46916225788423493,True,0
0.5572793643854074,False,0
0.6451556676603586,False,1
0.32374142870317474,False,0
0.4837820977090329,True,0
0.2974439748530268,False,0
0.017726632516604453,False,0
0.31013052078656755,False,0
0.5408364606686319,False,0
0.4110162965410565,False,0
0.4106784383886682,False,0
0.3970182394265851,True,0
0.6395896263559485,False,1
0.7092949288176325,True,1
0.01014196540002012,False,0
0.3880537215649076,False,0
0.7559762057671476,False,1
0.6756027674254755,False,1
0.5966679528838702,False,0
0.5378051980591774,False,0
0.18281463280764998,False,0
0.5012028667491634,False,0
0.4674082685108368,True,0
0.41217839958098035,False,0
0.38939518741852597,True,0
0.006801397957374126,False,0
0.7074508945260689,False,1
0.5459828522049907,False,0
0.3153055370574991,True,0
0.8134941368165363,False,1
0.6628973221185224,False,1
0.2734020144986291,False,0
0.7187525967250369,False,1
0.7439345601394275,True,1
0.44330308401722435,False,0
0.7367975025423626,True,1
0.6017182141342383,False,1
0.2169248463916792,False,0
0.6957832755509852,False,1
0.4398210380239636,False,0
0.019681282166093356,False,0
0.6560777068715071,False,1
0.3623252043641498,False,0
0.09278163094364664,False,0
0.46068778040549335,False,0
0.634273638158186,False,1
0.34020287137712946,False,0
0.2630535392513658,False,0
0.6373789855546612,True,1
0.5746398657108854,True,0
0.10002794691974014,False,0
0.5730650737064467,False,0
0.13944897548698776,False,0
0.7075378105664603,False,1
0.21059512267955452,False,0
0.34149759103599797,False,0
0.5818537739749303,False,0
0.7154319713805648,True,1
0.5846612248463389,False,0
0.16370130495996493,False,0
0.46766966159897394,False,0
0.09344125869415261,False,0
0.6494074147169789,False,1
0.6314460914126965,False,1
0.7073556848402112,False,1
0.07505797932878643,False,0
0.03859191451277433,False,0
0.7373278351906486,False,1
0.5761004891782437,True,0
0.539494654928236,False,0
0.008960948998022114,False,0
0.19952883441183275,False,0
0.5606623011336976,True,0
0.5040276683916297,True,0
0.5736804229525467,False,0
0.2441347513719925,False,0
0.7087820170352668,False,1
0.5722011052249889,False,0
0.017988629034575113,False,0
0.4064383751761264,False,0
0.7281592051096372,False,1
0.5871376046280008,False,0
0.3589173181303507,False,0
0.1469482397501363,False,0
0.6851196590938757,False,1
0.5466319194550608,False,0
0.22056678359811652,False,0
0.4106875838273907,False,0
0.1771825170035935,False,0
0.17061849560700018,False,0
0.5792908308998357,False,0
0.19028530240933308,False,0
0.40033440010716875,False,0
0.02486919611313826,False,0
0.41267564040095583,False,0
0.24816742533246572,False,0
0.0099592555750962,False,0
0.6572645450698522,False,1
0.4229530056711068,False,0
0.6852695778959221,False,1
0.5367306377628089,False,0
0.3637984615257606,True,0
0.026296644093516543,False,0
0.47187228427366884,False,0
0.7186142026350983,True,1
0.8245247045526238,False,1
0.6613630613897077,False,1
0.462927312233806,False,0
0.34274275071003957,False,0
0.36511636694320604,False,0
0.26987956342854114,False,0
0.45258698693235244,False,0
0.011274301444716,False,0
0.44373021008783686,False,0
0.5401363761134711,True,0
0.43383666662007525,False,0
0.1966678645487399,False,0
0.005998919094870509,False,0
0.5871454799836865,True,0
0.3103372351908574,False,0
0.01201888644232994,False,0
0.6598971222658536,False,1
0.725354752822906,False,1
0.5808092190531431,False,0
0.7128816441660591,True,1
0.16465689248685528,False,0
0.5225317364640573,True,0
0.47531266091808183,False,0
0.5932336656641088,False,0
0.057466216211550576,False,0
0.6313828409423132,False,1
0.004739835120329755,False,0
0.716956994299513,True,1
0.6795224003977555,True,1
0.5167117062605221,False,0
0.6137182643943875,False,1
0.014611270692251724,False,0
0.43341136942917985,False,0
0.6039184795065237,False,1
0.33497762957267135,False,0
0.8098997437228759,True,1
0.2605098362361476,False,0
0.4572722474356322,False,0
0.5750548698823477,False,0
0.21272661337200036,False,0
0.40249759802038226,False,0
0.6125742299982261,True,1
0.5310286652245099,False,0
0.771986700469712,True,1
0.3759303503319472,False,0
0.05785837567672288,False,0
0.5569469311858337,False,0
0.2129841146956289,False,0
0.22763511045923032,False,0
0.8367570996101973,False,1
0.18629453353862643,False,0
0.15303015611559037,False,0
0.015111221900343608,False,0
0.28770283687745213,False,0
0.40011630197214193,True,0
0.5065473683977088,False,0
0.443141398456034,False,0
0.6617166153121287,False,1
0.23756427911908135,False,0
0.5192255516865107,False,0
0.5558978279338147,False,0
0.7950049083958148,True,1
0.5339207552782054,False,0
0.6391645269002157,False,1
0.6764450290714348,True,1
0.7350115108841521,False,1
0.34251110512932026,False,0
0.4342295425895193,True,0
0.6268026033481503,False,1
0.5956490848592481,False,0
0.09578863985703377,False,0
0.46586519436135004,False,0
0.5793818610604958,False,0
0.5954211431398869,False,0
0.1722971949464067,False,0
0.30087441705971424,False,0
0.11254841508292833,False,0
0.7353724681874448,False,1
0.724504129710182,True,1
0.009281862895714055,False,0
0.3604049246878895,False,0
0.36182618514209736,False,0
0.6586068356088874,False,1
0.5007571311133578,False,0
0.019874314377226858,False,0
0.7194970583350452,True,1
0.5340973048445096,False,0
0.305384235958485,False,0
0.522799569760356,False,0
0.6121618180331915,False,1
0.5415692333625414,False,0
0.15026200011304663,False,0
0.6328515186817515,False,1
0.5898643994068549,False,0
0.6491677281314654,True,1
0.6684030584679782,False,1
0.7040021831617596,False,1
0.6323451480147428,True,1
0.5912670840142625,False,0
0.5027531840730645,False,0
0.7887873251474804,False,1
0.24072082368640943,False,0
0.045402296650831925,False,0
0.6265294068502574,False,1
0.718125706563658,False,1
0.3881964123008398,False,0
0.32277643934473493,False,0
0.006437778991759407,False,0
0.017343847461383715,False,0
0.5855506597329622,False,0
0.49724818158502554,True,0
0.1406608399372182,False,0
0.5031182136986676,False,0
0.007761934751528066,False,0
0.44189675533242684,False,0
0.1995346840567297,False,0
0.2900917811575358,True,0
0.33923204316213557,False,0
0.16174148100253818,False,0
0.1177011732567279,False,0
0.7378336313192889,False,1
0.22393519386110805,False,0
0.4810228125777907,False,0
0.5553219695834318,False,0
0.3959341694402004,False,0
0.32003813537404446,False,0
0.7980976791796888,False,1
0.615245544733405,False,1
0.7457008088127685,False,1
0.17823302790575982,False,0
0.5386544666770402,False,0
0.6131414654862166,False,1
0.3405628532648776,False,0
0.7207812800632806,False,1
0.18972258001548795,False,0
0.3081415914261038,False,0
0.7290421216597244,False,1
0.006801397957374126,False,0
0.5833775691866319,False,0
0.7963547293811744,False,1
0.649534343397011,False,1
0.35418850490241444,False,0
0.35079732048963713,False,0
0.6390030080336275,False,1
0.582168945960611,False,0
0.4991100313812565,False,0
0.5929680506960878,True,0
0.5271063673542086,False,0
0.374633281024925,False,0
0.6177545366491152,False,1
0.17829744661808167,False,0
0.43924613891053643,True,0
0.6982832385820954,True,1
0.6631940569410036,False,1
0.5751548904288676,False,0
0.5713198323393341,False,0
0.5130811485464555,False,0
0.6357540725751496,False,1
0.6191180382914399,False,1
0.6802804157198641,False,1
0.8710387318690004,False,1
0.7249301255280898,False,1
0.4108948303077426,False,0
0.0667024635534177,False,0
0.2374554193505868,False,0
0.1433585592036698,False,0
0.43836123469714927,False,0
0.11091366419425605,False,0
0.7089842429233297,False,1
0.008264788229526147,False,0
0.0071988604225964765,False,0
0.390122811014385,False,0
0.39469259198395984,False,0
0.1638064968309124,False,0
0.617037033685853,False,1
0.16180505581587384,False,0
0.3110301206403319,False,0
0.4087758167211239,False,0
0.08500588751494724,False,0
0.8391577955704784,True,1
0.3406134684013219,False,0
0.8141120713692576,True,1
0.6747725682827004,False,1
0.48398329674741525,False,0
0.44594051268852974,False,0
0.31886770749622395,False,0
0.8047300276070334,True,1
0.4408703201506219,False,0
0.5856358859607661,False,0
0.46645646673610275,False,0
0.5414665662947615,True,0
0.7063224685549394,False,1
0.4627022073093291,False,0
0.36137274724247964,False,0
0.2503929610736706,False,0
0.5406087235098577,False,0
0.6044964376550508,True,1
0.3327123866575525,False,0
0.08432510594135251,False,0
0.17924730502624736,False,0
0.7040866534349507,False,1
0.15337206325197394,True,0
0.6038744010151428,False,1
0.35222826739479357,False,0
0.3981543030249645,False,0
0.7094934174477773,True,1
0.4002142459023503,True,0
0.013593405924973918,False,0
0.6881385843995361,False,1
0.7518535988654638,False,1
0.8018017549271306,True,1
0.42632186880469036,False,0
0.4461688573792597,False,0
0.3113855306251414,False,0
0.49346587791296165,False,0
0.8480463893409002,True,1
0.2356111205373391,False,0
0.07000856921458419,False,0
0.6039905017366115,True,1
0.6739098877424852,True,1
0.8176794806261821,False,1
0.6298644628478098,False,1
0.6278593809136499,False,1
0.3971467705610754,False,0
0.641108897391759,False,1
0.41560871640291136,False,0
0.575143861632439,False,0
0.3333967677572104,False,0
0.6103937778277695,True,1
0.47054897113406907,False,0
0.6862494987544435,False,1
0.8208635011115718,False,1
0.621551722508143,False,1
0.2046193897432246,False,0
0.26268835938822055,False,0
0.8427270142042476,True,1
0.7613497957497314,False,1
0.006580431346124262,False,0
0.6864680352291006,False,1
0.18694041490138344,False,0
0.6621821225195716,False,1
0.6636274134258101,False,1
0.3167321237635033,False,0
0.6236589777276934,False,1
0.6321935894694173,False,1
0.5013196208502185,False,0
0.4179955243663739,True,0
0.09979795271417799,False,0
0.36158156565332095,False,0
0.5019858179335468,False,0
0.17474108352482295,False,0
0.6792195482971276,False,1
0.07100332021299542,False,0
0.046747704631100916,False,0
0.6337699526804651,True,1
0.7086793628881559,False,1
0.6749292630410318,True,1
0.6168869768289872,False,1
0.42220046776120174,False,0
0.009561884459938493,False,0
0.3166951443463198,False,0
0.7125883804153771,False,1
0.009645598095981204,False,0
0.6498541766484186,False,1
0.16532859228977956,False,0
0.7552289307719706,False,1
0.5778913009605107,False,0
0.24325210258566127,False,0
0.641495422136907,False,1
0.29074856247507774,False,0
0.6946157599186561,False,1
0.3840276610734992,False,0
0.1754877683687742,False,0
0.03886867247920735,False,0
0.6076120478010718,False,1
0.4843509643364739,False,0
0.16016508752263128,False,0
0.5874640046790909,False,0
0.04282055331003433,False,0
0.5045744474187959,False,0
0.4059520786788832,False,0
0.7102132218525234,False,1
0.2663425562435957,False,0
0.03824072100828779,False,0
0.002812571297043332,False,0
0.35027873958034406,False,0
0.7045745690349656,False,1
0.19182133282406774,False,0
0.291421441354303,False,0
0.35962017997546925,False,0
0.6713019155972073,False,1
0.3246618916866185,False,0
0.21676504159119328,True,0
0.33829813120425356,False,0
0.7156667162464635,False,1
0.010710200343967996,False,0
0.7476871775595709,False,1
0.5487068280625421,True,0
0.2931519669632536,False,0
0.44436911098374826,False,0
0.35242537543811076,False,0
0.6957283088519963,True,1
0.6230019503591153,False,1
0.49390179218840663,False,0
0.5338196439626177,True,0
0.4342455229120119,False,0
0.16602766281165077,False,0
0.42951697063460986,False,0
0.5031766169373132,False,0
0.4315291039283066,False,0
0.5648614685369715,False,0
0.03893721336764552,False,0
0.2285206475564713,False,0
0.4335371881338302,False,0
0.53027736195989,False,0
0.603652982830355,True,1
0.6947389892725655,False,1
0.3906259755060855,True,0
0.5731977083599442,False,0
0.29383534966312647,False,0
0.7233074528178044,False,1
0.04207987612914982,False,0
0.010097025833978214,False,0
0.7039829524264956,False,1
0.008968621115615331,False,0
0.3462161316651183,False,0
0.13317803137086423,False,0
0.5926134798494017,False,0
0.571619241296324,True,0
0.696846809210191,False,1
0.5483060958016197,False,0
0.49799170151234307,False,0
0.14658552435286767,False,0
0.003546802102412456,False,0
0.4538095265614892,False,0
0.2795718121345895,False,0
0.5609458139788855,False,0
0.34402769763017876,False,0
0.6235068116710626,False,1
0.4933851823647092,True,0
0.4736676874566955,False,0
0.29250871052620614,False,0
0.4347404263941601,False,0
0.6604199440949238,True,1
0.7384653480570504,True,1
0.010135382691327377,False,0
0.5212957437857252,False,0
0.8122772612005361,False,1
0.3753813487759585,True,0
0.4517943580591823,True,0
0.3917113280714845,True,0
0.26470217936924956,False,0
0.4906301132108474,False,0
0.10301728722870199,False,0
0.2918406408682527,False,0
0.18572968543797128,False,0
0.2826372395441725,False,0
0.6829090079336975,True,1
0.013319760421109843,False,0
0.6582247773796722,True,1
0.4585337801731598,False,0
0.6538607284337972,False,1
0.626083459605641,False,1
0.46032932187747905,False,0
0.7203556881930027,False,1
0.2594740447076149,False,0
0.7118834816594544,False,1
0.20465585926474944,False,0
0.4690745549551556,True,0
0.010719353923243512,False,0
0.7097012964739721,False,1
0.008867146257505246,False,0
0.5247773415199605,False,0
0.4049288521754842,False,0
0.3066658343741331,False,0
0.5955588041784255,False,0
0.7763965534139449,False,1
0.4778756779944731,False,0
0.3790855264577649,False,0
0.4375431278507843,False,0
0.2396061041033139,False,0
0.5259791361747461,False,0
0.00942128873333246,False,0
0.4785004529608363,False,0
0.5219501209691237,False,0
0.6321586707194593,False,1
0.47859865888556313,False,0
0.07781513639278398,False,0
0.2535535873459161,True,0
0.007967816913983813,False,0
0.3177152607643444,False,0
0.7202662076128132,False,1
0.5305287593331754,False,0
0.30218978291429416,False,0
0.10475188169335675,False,0
0.6050677962718514,False,1
0.5477941212988433,False,0
0.056674836616021365,False,0
0.3648951027400199,False,0
0.8013249273789494,False,1
0.6234897178311883,False,1
0.3237134065298697,True,0
0.5691408500480358,False,0
0.7132927849810586,False,1
0.44014962982357825,False,0
0.7365107253454539,False,1
0.07703532741471121,False,0
0.5012603878452054,False,0
0.4099592921242633,False,0
0.49731693275594524,False,0
0.7086883119514293,True,1
0.010779401401431845,False,0
0.4889926905997446,True,0
0.3638507369840139,False,0
0.2997049141291981,False,0
0.006951453386376064,False,0
0.3644751405200379,False,0
0.44191853442341783,False,0
0.7242552761385623,False,1
0.028936318736639835,False,0
0.48663404733204707,True,0
0.18020747338804588,False,0
0.7696466237668741,False,1
0.2922807991919079,True,0
0.3589212890357503,False,0
0.7656465865606567,True,1
0.07943549310759948,False,0
0.5011979720410115,False,0
0.6906445346429375,False,1
0.3768708722113765,False,0
0.4240556089705065,False,0
0.6026124831687654,False,1
0.02006993639903049,False,0
0.19966847580569255,True,0
0.440928731429084,False,0
0.04787923590708302,False,0
0.063088729150284,False,0
0.39936638663064666,False,0
0.6124793213820372,False,1
0.12792285791797628,False,0
0.011270798435334467,False,0
0.5076644769831385,False,0
0.3866902456781218,False,0
0.005174809793532823,False,0
0.700693022027819,False,1
0.5315038463283142,False,0
0.6612257395958246,False,1
0.7156792371311694,False,1
0.04123710006514884,False,0
0.2157075613023383,False,0
0.6605799610543481,False,1
0.4868364070554589,False,0
0.5818838048421716,False,0
0.35926167111708623,False,0
0.3401178528305435,False,0
0.17278501409094263,False,0
0.31814785437762155,False,0
0.06305008883973565,False,0
0.5636368572619952,False,0
0.7568951130994598,True,1
0.447671595257773,False,0
0.019538600711538727,False,0
0.3193425295568227,False,0
0.008968621115615331,False,0
0.7231994645207684,False,1
0.32732779898937797,False,0
0.8023461339568099,False,1
